ENVIRONMENT,GROUPNAME,DESCRIPTION,INDEPENDENT,AUTHALLSITES,AUTHALLGLS,AUTHALLSTOREROOMS,AUTHLABORALL,AUTHLABORCREW,AUTHLABORSELF,AUTHLABORSUPER,AUTHPERSONGROUP,DFLTAPP,WORKCENTER
BASE,OOG_DEPARTMENT_LEADER,Department Leader,0,0,0,0,1,0,0,0,0,-,-
BASE,OOG_MAINTENANCE_LEADER,Maintenance Leader,0,0,0,0,0,0,0,0,0,-,-
BASE,OOG_FIELD_SUPPORT,Field Support,0,0,0,0,0,0,0,0,0,-,-
BASE,MAXADMIN,Maximo Administrators (Super Users),1,1,1,1,1,0,0,0,0,-,-
BASE,MAXREG,Self Registration Process Access,1,0,0,0,0,0,0,0,0,-,-
BASE,MAXDEFLTREG,New User,0,0,0,0,0,0,0,0,0,-,-
BASE,MAXEVERYONE,All Maximo Users,0,0,1,0,0,0,0,0,0,-,-
BASE,OOG_MOCPEO_EMISSOR,Emissor da MOC - People,0,1,0,0,0,0,0,0,0,-,-
BASE,OOG_ASSIST_RIGMGR,Assistant Rig Manager,0,0,0,0,0,0,0,0,0,-,-
BASE,OOG_MOCDOC_EMISSOR,Emissor da MOC - Documents,0,0,0,0,0,0,0,0,0,-,-
BASE,OOG_MOCDOC_APROVADOR,Aprovador da MOC - Documents,0,1,0,0,0,0,0,0,0,-,-
BASE,OOG_MOCPEO_APROVADOR,Aprovador da MOC - People,0,1,0,0,0,0,0,0,0,-,-
BASE,OOG_MOCPEO_GESTOR,Gestor da MOC - People,0,1,0,0,0,0,0,0,0,-,-
BASE,OOG_MOC_APPROVERS,Group for all MOC approvers,0,1,0,0,0,0,0,0,0,-,-
BASE,OOG_MOCDOC_GESTOR,Gestor da MOC - Documents,0,1,0,0,0,0,0,0,0,-,-
BASE,OOG_MOC_OPENERS,People that open MOCs O&Fs,0,1,0,0,0,0,0,0,0,-,-
BASE,OOG_ASSET_MANAGER,Asset Manager,0,1,0,0,1,0,0,0,0,-,-
BASE,OOG_BASE_READ_ONLY,Base Read Only,0,1,0,0,1,0,0,0,0,-,-
BASE,MAXREADONLYSPPT,Maximo Read Only Access for Support,0,1,1,1,1,0,0,0,0,-,-
BASE,OOG_MASS_UPDATE_DUE_DATE,Grant access to mass update the PM's next due date field.,0,0,0,0,0,0,0,0,0,-,-
BASE,OOG_REPAIR_RETURN,Repair and Return,0,0,0,0,1,0,0,0,0,-,-
BASE,NR13_READY,NR13 Read Only,0,1,0,0,0,0,0,0,0,-,-
BASE,OOG_HELPDESK,Help desk group,0,0,0,0,0,0,0,0,0,-,-
BASE,OOG_DEPARTMENT_LEADER_SUBSEA,Department Leader SubSea,0,0,0,0,0,0,0,0,0,-,-
BASE,OOG_MAINTENANCE_COORDINATOR,Maintenance Coordinator,0,0,1,0,1,0,0,0,0,-,-
BASE,OOG_RIGMGR,Rig Manager,0,0,0,0,0,0,0,0,0,-,-
BASE,OOG_ASSET_ENGINEER,Asset Engineer Group - Read Only,0,1,1,0,1,0,0,0,0,-,-
BASE,OOG_PR_CREATOR,Group to allow users creating and approving PR's,0,0,0,0,0,0,0,0,0,-,-
BASE,OOG_DEPARTMENT_TEAM,Department Team,0,1,0,0,1,0,0,0,0,-,-
BASE,OOG_LOGISTICA_ADM,Grupo para Administrar aplica��es de Transporte,1,1,0,0,0,0,0,0,0,-,-
BASE,OOG_LOGISTICA,Grupo para acessar aplica��es de Transporte,1,1,0,0,0,0,0,0,0,-,-
BASE,OOG_ISOLATION_APPROVER,Isolation Approver,0,0,0,0,0,0,0,0,0,-,-
BASE,OOG_ISOLATION_MANAGER,Isolation Manager,0,0,0,0,0,0,0,0,0,-,-
BASE,TUTOR_GROUP,Tutor,0,0,0,0,0,0,0,0,0,-,-
BASE,MGUEST,Guest Group,0,1,0,0,0,0,0,0,0,SELFSERVICE,-
BASE,Inv_ready,Inventory Read Only,0,0,0,0,0,0,0,0,0,-,-
BASE,OOG_REGISTER_POL,POL Item Registration,0,0,0,0,1,0,0,0,0,-,-
BASE,OOG_USERS_POL,POL Users,0,1,0,1,0,0,0,0,0,-,-
BASE,POL_MATERIALS_COORDINATOR,POL Materials Coordinator,0,0,1,0,0,0,0,0,0,-,-
BASE,OOG_COGNOS,Allows access to cognos functionality,1,0,0,0,0,0,0,0,0,-,-
BASE,OOG_COGNOS_LEITURA,Cognos - Read Only,0,0,0,0,0,0,0,0,0,-,-
BASE,OOG_MATERIALS_COORDINATOR_YARD,Materials Coordinator Yard,0,0,1,0,0,0,0,0,0,-,-
BASE,OOG_PTW_ISSUER,Permit to Work Issuer,0,1,0,0,0,0,0,0,0,-,-
BASE,OOG_PTW_APPROVERS,Permit to Work Approvers,0,1,0,0,0,0,0,0,0,-,-
BASE,OOG_OPMGR,Operation Manager,0,0,0,0,0,0,0,0,0,-,-
BASE,OCY_SST,Foresea Sustentabilidade - Acesso a TA Revisor,0,1,0,0,0,0,0,0,0,-,-
BASE,OOG_TRANSPORTADOR,Grupo para acessar aplicaoes de transportador,1,0,0,0,0,0,0,0,0,-,-
BASE,OOG_RELIABILITY_TEAM,Reliability Team,0,0,0,0,0,0,0,0,0,-,-
BASE,OOG_APPUSERS,Grupo para permitir acesso a aplica��o Users,0,1,0,0,0,0,0,0,0,-,-
BASE,OOG_REQUISITANTET,Grupo para acessar aplicaoes de transporte como requisitante,1,1,0,0,0,0,0,0,0,-,-
BASE,OOG_PTW_ADMIN,Permit To Work Admin,0,1,0,0,0,0,0,0,0,-,-
BASE,OOG_SUPERVISOR,Grupo de supervisores,0,0,0,0,1,0,0,0,0,-,-
BASE,OOG_MAXIMO_COORDINATOR,Maximo Coordinator,0,0,0,0,1,0,0,0,0,-,-
BASE,OOG_ALLSITES,All Sites Security Group,0,0,0,1,0,0,0,0,0,-,-
BASE,OOG_ALL_PERF,All sites exclude PLSV sites.,0,0,0,1,0,0,0,0,0,-,-
BASE,OOG_REGISTER_HTQ,HTQ Item Registration,0,0,0,0,1,0,0,0,0,-,-
BASE,HTQ_MATERIALS_COORDINATOR,HTQ Materials Coordinator,0,0,1,0,0,0,0,0,0,-,-
BASE,OOG_USERS_HTQ,HTQ Users,0,0,0,1,0,0,0,0,0,-,-
BASE,OOG_COGNOS_ADM,Maximo Administrators - Cognos,1,0,0,0,0,0,0,0,0,-,-
BASE,MOBILE,Security Group for Mobile,0,0,0,0,0,0,0,0,0,-,-
BASE,OOG_ASSET_COORDINATOR,Asset Coordinator Group,0,0,1,0,0,0,0,0,0,-,-
BASE,OOG_ENGINEER_COORDINATOR,Engineers Coordinators Group,0,0,1,0,0,0,0,0,0,-,-
BASE,OOG_MATERIAL_ENGINEER,Materials Engineer,0,0,0,0,1,0,0,0,0,-,-
BASE,OOG_SUP_REPAIR_RETURN,Supervisor Repair and Return,0,0,0,0,1,0,0,0,0,-,-
BASE,OOG_DEFSITE_DATA_RESTRICTIONS,Default site data restrictions,0,0,0,0,0,0,0,0,0,-,-
BASE,OOG_ALL_DRILLING,All DRILLING sites.,0,0,0,1,0,0,0,0,0,-,-
BASE,OOG_INSPECTORSUP,Inspector supervisor group OOG,0,0,0,0,0,0,0,0,0,-,-
BASE,OOG_QUALIFIED_PROFESSIONAL,Qualified Professional - SPIE,0,0,1,0,1,0,0,0,0,-,-
BASE,OOG_SQP_QUALITY,SQP Quality Department,0,0,0,0,0,0,0,0,0,-,-
BASE,OOG_SQP_OPENERS,SQP Openers,0,0,0,0,0,0,0,0,0,-,-
BASE,OOG_RIGSUPSQP,Rig Superintendent SQP,0,0,0,0,0,0,0,0,0,-,-
BASE,OOG_MOC_MACRO,MOC para MACROESTRUTURA,0,1,0,0,0,0,0,0,0,-,-
BASE,OOG_MACRO_ACTIONS,Atualizacao de acoes em  MACROESTRUTURA,0,1,0,0,0,0,0,0,0,-,-
BASE,OOG_MATERIALS_COORDINATOR,Materials Coordinator,0,1,1,1,0,0,0,0,0,-,-
BASE,OOG_PROJECT_ENGINEER,Project Engineers Group,0,0,1,0,1,0,0,0,0,-,-
BASE,PRIO_MATERIALS_COORDINATOR,Prio Materials Coordinator,0,0,1,0,0,0,0,0,0,-,-
BASE,PRIO_REGISTER,PRIO Item Registration,0,0,0,0,1,0,0,0,0,-,-
BASE,PRIO_USERS,Prio Users,0,0,0,1,0,0,0,0,0,-,-
BASE,OOG_AB_SST,Grupo de seguran�a para acesso a aplica��o Alert & Bulletins SST,0,0,0,0,0,0,0,0,0,-,-
BASE,FetchAll:,79,rows,fetched.,,,,,,,,,
BASE,>,,,,,,,,,,,,
HTQ,MAXREADONLYSPPT,Maximo Read Only Access for Support,0,1,1,1,1,0,0,0,0,-,-
HTQ,OOG_RIGMGR,Rig Manager,0,0,0,0,0,0,0,0,0,-,-
HTQ,OOG_BASE_READ_ONLY,Base Read Only,0,1,0,0,0,0,0,0,0,-,-
HTQ,MAXADMIN,Maximo Administrators (Super Users),1,1,1,1,1,0,0,0,0,-,-
HTQ,MAXREG,Self Registration Process Access,1,0,0,0,0,0,0,0,0,-,-
HTQ,MAXDEFLTREG,New User,0,0,0,0,0,0,0,0,0,-,-
HTQ,MAXEVERYONE,All Maximo Users,0,0,1,0,0,0,0,0,0,-,-
HTQ,OOG_ASSET_MANAGER,Asset Manager,0,0,0,0,1,0,0,0,0,-,-
HTQ,OOG_OPMGR,Operation Manager,0,0,0,0,0,0,0,0,0,-,-
HTQ,OOG_MAINTENANCE_COORDINATOR,Maintenance Coordinator,0,0,1,0,1,0,0,0,0,-,-
HTQ,OOG_MATERIALS_COORDINATOR,Materials Coordinator,0,0,1,0,0,0,0,0,0,-,-
HTQ,OOG_DEFSITE_DATA_RESTRICTIONS,Default site data restrictions,0,0,0,0,0,0,0,0,0,-,-
HTQ,PLSV_CA,PLSV CA Site,0,0,0,1,0,0,0,0,0,-,-
HTQ,OOG_HELPDESK,Help desk group,1,0,0,0,0,0,0,0,0,-,-
HTQ,OOG_ASSIST_RIGMGR,Assistant Rig Manager,0,0,0,0,0,0,0,0,0,-,-
HTQ,OOG_FIELD_SUPPORT,Field Support,0,0,0,0,0,0,0,0,0,-,-
HTQ,OOG_MAXIMO_COORDINATOR,Maximo Coordinator,0,0,0,0,1,0,0,0,0,-,-
HTQ,OOG_ALLSITES,All Sites Security Group,0,0,0,1,0,0,0,0,0,-,-
HTQ,OOG_DEPARTMENT_LEADER,Department Leader,0,0,0,0,1,0,0,0,0,-,-
HTQ,OOG_MAINTENANCE_LEADER,Maintenance Leader,0,0,0,0,0,0,0,0,0,-,-
HTQ,PLSV_DEPUTY_PROJECT_MANAGER,Deputy Project Manager,0,0,0,0,0,0,0,0,0,-,-
HTQ,OOG_ALL_PERF,All sites exclude PLSV sites.,0,0,0,1,0,0,0,0,0,-,-
HTQ,PLSV_TECHNICIAN,Technician,0,0,0,0,1,0,0,0,0,-,-
HTQ,OOG_PR_CREATOR,Group to allow users creating and approving PR's,0,0,0,0,0,0,0,0,0,-,-
HTQ,PLSV_EXCLUSIVE_ACCESS,Access to applications and Start Center only for PLSV users,0,0,0,0,0,0,0,0,0,-,-
HTQ,PLSV_PM_APPROVER,Preventive Maintenance Approver for PLSV,0,0,0,0,0,0,0,0,0,-,-
HTQ,OOG_ALL_PLSV,All PLSV sites.,0,0,0,1,0,0,0,0,0,-,-
HTQ,OOG_ALL_DRILLING,All DRILLING sites.,0,0,0,1,0,0,0,0,0,-,-
HTQ,OOG_MASS_UPDATE_DUE_DATE,Grant access to mass update the PM's next due date field.,0,0,0,0,0,0,0,0,0,-,-
HTQ,OOG_MATERIAL_ENGINEER,Materials Engineer,0,0,0,0,1,0,0,0,0,-,-
HTQ,OOG_DEPARTMENT_LEADER_SUBSEA,Department Leader SubSea,0,0,0,0,0,0,0,0,0,-,-
HTQ,OOG_REPAIR_RETURN,Repair and Return,0,0,0,0,1,0,0,0,0,-,-
HTQ,OOG_SUP_REPAIR_RETURN,Supervisor Repair and Return,0,0,0,0,1,0,0,0,0,-,-
HTQ,OOG_PROJECT_ENGINEER,Project Engineers Group,0,0,1,0,1,0,0,0,0,-,-
HTQ,OOG_ASSET_ENGINEER,Asset Engineer Group - Read Only,0,1,1,0,1,0,0,0,0,-,-
HTQ,OOG_ASSET_COORDINATOR,Asset Coordinator Group,0,0,1,0,0,0,0,0,0,-,-
HTQ,OOG_ENGINEER_COORDINATOR,Engineers Coordinators Group,0,0,1,0,0,0,0,0,0,-,-
HTQ,OOG_MOCPEO_EMISSOR,Emissor da MOC - People,0,1,0,0,0,0,0,0,0,-,-
HTQ,OOG_MOCDOC_EMISSOR,Emissor da MOC - Documents,0,1,0,0,0,0,0,0,0,-,-
HTQ,OOG_MOCDOC_APROVADOR,Aprovador da MOC - Documents,0,1,0,0,0,0,0,0,0,-,-
HTQ,OOG_MOCPEO_APROVADOR,Aprovador da MOC - People,0,1,0,0,0,0,0,0,0,-,-
HTQ,OOG_MOCPEO_GESTOR,Gestor da MOC - People,0,1,0,0,0,0,0,0,0,-,-
HTQ,OOG_MOC_APPROVERS,Group for all MOC approvers,0,1,0,0,0,0,0,0,0,-,-
HTQ,OOG_MOCDOC_GESTOR,Gestor da MOC - Documents,0,1,0,0,0,0,0,0,0,-,-
HTQ,OOG_MOC_OPENERS,People that open MOCs O&Fs,0,1,0,0,0,0,0,0,0,-,-
HTQ,OOG_RELIABILITY_TEAM,Reliability Team,0,0,0,0,0,0,0,0,0,-,-
HTQ,OOG_ISOLATION_MANAGER,Isolation Manager,0,0,0,0,0,0,0,0,0,-,-
HTQ,OOG_MOC_MACRO,MOC para MACROESTRUTURA,0,1,0,0,0,0,0,0,0,-,-
HTQ,OOG_ISOLATION_APPROVER,Isolation Approver,0,0,0,0,0,0,0,0,0,-,-
HTQ,OOG_SQP_QUALITY,SQP Quality Department,0,0,0,0,0,0,0,0,0,-,-
HTQ,OOG_TRANSPORTADOR,Grupo para acessar aplicaoes de transportador,1,0,0,0,0,0,0,0,0,-,-
HTQ,OOG_REQUISITANTET,Grupo para acessar aplicaoes de transporte como requisitante,1,1,0,0,0,0,0,0,0,-,-
HTQ,OOG_LOGISTICA_ADM,Grupo para Administrar aplica��es de Transporte,1,1,0,0,0,0,0,0,0,-,-
HTQ,OOG_LOGISTICA,Grupo para acessar aplica��es de Transporte,1,1,0,0,0,0,0,0,0,-,-
HTQ,OOG_SQP_OPENERS,SQP Openers,0,0,0,0,0,0,0,0,0,-,-
HTQ,OOG_RIGSUPSQP,Rig Superintendent SQP,0,0,0,0,0,0,0,0,0,-,-
HTQ,OOG_MATERIALS_COORDINATOR_YARD,Materials Coordinator Yard,0,0,1,0,0,0,0,0,0,-,-
HTQ,OOG_DEPARTMENT_TEAM,Department Team,0,0,0,0,1,0,0,0,0,-,-
HTQ,OOG_INSPECTORSUP,Inspector supervisor group OOG,0,0,0,0,0,0,0,0,0,-,-
HTQ,OOG_QUALIFIED_PROFESSIONAL,Qualified Professional - SPIE,0,0,1,0,1,0,0,0,0,-,-
HTQ,OOG_REGISTER_HTQ,HTQ Item Registration,0,0,0,0,1,0,0,0,0,-,-
HTQ,HTQ_MATERIALS_COORDINATOR,HTQ Materials Coordinator,0,0,1,0,0,0,0,0,0,-,-
HTQ,Inv_ready,Inventory Read Only,0,0,0,0,0,0,0,0,0,-,-
HTQ,OOG_USERS_HTQ,HTQ Users,0,0,0,1,0,0,0,0,0,-,-
HTQ,OOG_MACRO_ACTIONS,Atualizacao de acoes em  MACROESTRUTURA,0,1,0,0,0,0,0,0,0,-,-
HTQ,MOBILE,Security Group for Mobile,0,0,0,0,0,0,0,0,0,-,-
HTQ,OOG_APPUSERS,Grupo para permitir acesso a aplica��o Users,0,1,0,0,0,0,0,0,0,-,-
HTQ,OOG_PTW_ADMIN,Permit To Work Admin,0,1,0,0,0,0,0,0,0,-,-
HTQ,OOG_PTW_ISSUER,Permit to Work Issuer,0,1,0,0,0,0,0,0,0,-,-
HTQ,OOG_PTW_APPROVERS,Permit to Work Approvers,0,1,0,0,0,0,0,0,0,-,-
HTQ,TUTOR_GROUP,Tutor,0,0,0,0,0,0,0,0,0,-,-
HTQ,OOG_SUPERVISOR,Grupo de supervisores,0,0,0,0,1,0,0,0,0,-,-
HTQ,MGUEST,Guest Group,0,1,0,0,0,0,0,0,0,SELFSERVICE,-
HTQ,PRIO_MATERIALS_COORDINATOR,Prio Materials Coordinator,0,0,1,0,0,0,0,0,0,-,-
HTQ,PRIO_REGISTER,Prio Item Registration,0,0,0,0,1,0,0,0,0,-,-
HTQ,PRIO_USERS,Prio Users,0,0,0,1,0,0,0,0,0,-,-
HTQ,OOG_AB_SST,Grupo de seguran�a para acesso a aplica��o Alert & Bulletins SST,0,0,0,0,0,0,0,0,0,-,-
HTQ,FetchAll:,77,rows,fetched.,,,,,,,,,
HTQ,>,,,,,,,,,,,,
N06,MAXREADONLYSPPT,Maximo Read Only Access for Support,0,1,1,1,1,0,0,0,0,-,-
N06,OOG_RIGMGR,Rig Manager,0,0,0,0,0,0,0,0,0,-,-
N06,OOG_BASE_READ_ONLY,Base Read Only,0,1,0,0,0,0,0,0,0,-,-
N06,MAXADMIN,Maximo Administrators (Super Users),1,1,1,1,1,0,0,0,0,-,-
N06,MAXREG,Self Registration Process Access,1,0,0,0,0,0,0,0,0,-,-
N06,MAXDEFLTREG,New User,0,0,0,0,0,0,0,0,0,-,-
N06,MAXEVERYONE,All Maximo Users,0,0,1,0,0,0,0,0,0,-,-
N06,OOG_ASSET_MANAGER,Asset Manager,0,0,0,0,1,0,0,0,0,-,-
N06,OOG_OPMGR,Operation Manager,0,0,0,0,0,0,0,0,0,-,-
N06,OOG_MAINTENANCE_COORDINATOR,Maintenance Coordinator,0,0,1,0,1,0,0,0,0,-,-
N06,OOG_MATERIALS_COORDINATOR,Materials Coordinator,0,0,1,0,0,0,0,0,0,-,-
N06,OOG_DEFSITE_DATA_RESTRICTIONS,Default site data restrictions,0,0,0,0,0,0,0,0,0,-,-
N06,PLSV_CA,PLSV CA Site,0,0,0,1,0,0,0,0,0,-,-
N06,OOG_HELPDESK,Help desk group,0,0,0,0,0,0,0,0,0,-,-
N06,OOG_ASSIST_RIGMGR,Assistant Rig Manager,0,0,0,0,0,0,0,0,0,-,-
N06,OOG_FIELD_SUPPORT,Field Support,0,0,0,0,0,0,0,0,0,-,-
N06,OOG_MAXIMO_COORDINATOR,Maximo Coordinator,0,0,0,0,1,0,0,0,0,-,-
N06,OOG_ALLSITES,All Sites Security Group,0,0,0,1,0,0,0,0,0,-,-
N06,OOG_DEPARTMENT_LEADER,Department Leader,0,0,0,0,1,0,0,0,0,-,-
N06,OOG_MAINTENANCE_LEADER,Maintenance Leader,0,0,0,0,0,0,0,0,0,-,-
N06,PLSV_DEPUTY_PROJECT_MANAGER,Deputy Project Manager,0,0,0,0,0,0,0,0,0,-,-
N06,OOG_ALL_PLSV,All PLSV sites.,0,0,0,1,0,0,0,0,0,-,-
N06,OOG_ALL_PERF,All sites exclude PLSV sites.,0,0,0,1,0,0,0,0,0,-,-
N06,PLSV_TECHNICIAN,Technician,0,0,0,0,1,0,0,0,0,-,-
N06,PLSV_PM_APPROVER,Preventive Maintenance Approver for PLSV,0,0,0,0,0,0,0,0,0,-,-
N06,OOG_ALL_DRILLING,All DRILLING sites.,0,0,0,1,0,0,0,0,0,-,-
N06,OOG_MASS_UPDATE_DUE_DATE,Grant access to mass update the PM's next due date field.,0,0,0,0,0,0,0,0,0,-,-
N06,OOG_PR_CREATOR,Group to allow users creating and approving PR's,0,0,0,0,0,0,0,0,0,-,-
N06,PLSV_EXCLUSIVE_ACCESS,Access to applications and Start Center only for PLSV users,0,0,0,0,0,0,0,0,0,-,-
N06,OOG_MATERIAL_ENGINEER,Materials Engineer,0,0,0,0,1,0,0,0,0,-,-
N06,OOG_REPAIR_RETURN,Repair and Return,0,0,0,0,1,0,0,0,0,-,-
N06,OOG_SUP_REPAIR_RETURN,Supervisor Repair and Return,0,0,0,0,1,0,0,0,0,-,-
N06,OOG_PROJECT_ENGINEER,Project Engineers Group,0,0,1,0,1,0,0,0,0,-,-
N06,OOG_DEPARTMENT_LEADER_SUBSEA,Department Leader SubSea,0,0,0,0,0,0,0,0,0,-,-
N06,OOG_MOCPEO_EMISSOR,Emissor da MOC - People,0,1,0,0,0,0,0,0,0,-,-
N06,OOG_MOCDOC_EMISSOR,Emissor da MOC - Documents,0,1,0,0,0,0,0,0,0,-,-
N06,OOG_MOCDOC_APROVADOR,Aprovador da MOC - Documents,0,1,0,0,0,0,0,0,0,-,-
N06,OOG_MOCPEO_APROVADOR,Aprovador da MOC - People,0,1,0,0,0,0,0,0,0,-,-
N06,OOG_MOCPEO_GESTOR,Gestor da MOC - People,0,1,0,0,0,0,0,0,0,-,-
N06,OOG_MOC_APPROVERS,Group for all MOC approvers,0,1,0,0,0,0,0,0,0,-,-
N06,OOG_MOCDOC_GESTOR,Gestor da MOC - Documents,0,1,0,0,0,0,0,0,0,-,-
N06,OOG_MOC_OPENERS,People that open MOCs O&Fs,0,1,0,0,0,0,0,0,0,-,-
N06,OOG_ASSET_COORDINATOR,Asset Coordinator Group,0,0,1,0,0,0,0,0,0,-,-
N06,OOG_ENGINEER_COORDINATOR,Engineers Coordinators Group,0,0,1,0,0,0,0,0,0,-,-
N06,OOG_ASSET_ENGINEER,Asset Engineer Group - Read Only,0,1,1,0,1,0,0,0,0,-,-
N06,OOG_RIGSUPSQP,Rig Superintendent SQP,0,0,0,0,0,0,0,0,0,-,-
N06,OOG_SUPERVISOR,Grupo de supervisores,0,0,0,0,1,0,0,0,0,-,-
N06,MGUEST,Guest Group,0,1,0,0,0,0,0,0,0,SELFSERVICE,-
N06,OOG_SQP_QUALITY,SQP Quality Department,0,0,0,0,0,0,0,0,0,-,-
N06,OOG_SQP_OPENERS,SQP Openers,0,0,0,0,0,0,0,0,0,-,-
N06,OOG_MACRO_ACTIONS,Atualizacao de acoes em  MACROESTRUTURA,0,1,0,0,0,0,0,0,0,-,-
N06,OOG_MATERIALS_COORDINATOR_YARD,Materials Coordinator Yard,0,0,1,0,0,0,0,0,0,-,-
N06,OOG_MOC_MACRO,MOC para MACROESTRUTURA,0,1,0,0,0,0,0,0,0,-,-
N06,OOG_ISOLATION_APPROVER,Isolation Approver,0,0,0,0,0,0,0,0,0,-,-
N06,OOG_TRANSPORTADOR,Grupo para acessar aplicaoes de transportador,1,0,0,0,0,0,0,0,0,-,-
N06,OOG_ISOLATION_MANAGER,Isolation Manager,0,0,0,0,0,0,0,0,0,-,-
N06,OOG_REQUISITANTET,Grupo para acessar aplicaoes de transporte como requisitante,1,1,0,0,0,0,0,0,0,-,-
N06,OOG_LOGISTICA_ADM,Grupo para Administrar aplica��es de Transporte,1,1,0,0,0,0,0,0,0,-,-
N06,OOG_LOGISTICA,Grupo para acessar aplica��es de Transporte,1,1,0,0,0,0,0,0,0,-,-
N06,TUTOR_GROUP,Tutor,0,0,0,0,0,0,0,0,0,-,-
N06,Inv_ready,Inventory Read Only,0,0,0,0,0,0,0,0,0,-,-
N06,OOG_INSPECTORSUP,Inspector supervisor group OOG,0,0,0,0,0,0,0,0,0,-,-
N06,OOG_DEPARTMENT_TEAM,Department Team,0,0,0,0,1,0,0,0,0,-,-
N06,OOG_QUALIFIED_PROFESSIONAL,Qualified Professional - SPIE,0,0,1,0,1,0,0,0,0,-,-
N06,OOG_RELIABILITY_TEAM,Reliability Team,0,0,0,0,0,0,0,0,0,-,-
N06,OOG_APPUSERS,Grupo para permitir acesso a aplica��o Users,0,1,0,0,0,0,0,0,0,-,-
N06,OOG_PTW_ADMIN,Permit To Work Admin,0,1,0,0,0,0,0,0,0,-,-
N06,OOG_PTW_ISSUER,Permit to Work Issuer,0,1,0,0,0,0,0,0,0,-,-
N06,OOG_PTW_APPROVERS,Permit to Work Approvers,0,1,0,0,0,0,0,0,0,-,-
N06,OOG_REGISTER_HTQ,HTQ Item Registration,0,0,0,0,1,0,0,0,0,-,-
N06,HTQ_MATERIALS_COORDINATOR,HTQ Materials Coordinator,0,0,1,0,0,0,0,0,0,-,-
N06,OOG_USERS_HTQ,HTQ Users,0,0,0,1,0,0,0,0,0,-,-
N06,MOBILE,Security Group for Mobile,0,0,0,0,0,0,0,0,0,-,-
N06,OOG_AB_SST,Grupo de seguran�a para acesso a aplica��o Alert & Bulletins SST,0,0,0,0,0,0,0,0,0,-,-
N06,FetchAll:,74,rows,fetched.,,,,,,,,,
N06,>,,,,,,,,,,,,
N08,OOG_RELIABILITY_TEAM,Reliability Team,0,0,0,0,0,0,0,0,0,-,-
N08,OOG_SUPERVISOR,Grupo de supervisores,0,0,0,0,1,0,0,0,0,-,-
N08,TUTOR_GROUP,Tutor,0,0,0,0,0,0,0,0,0,-,-
N08,MGUEST,Guest Group,0,1,0,0,0,0,0,0,0,SELFSERVICE,-
N08,Inv_ready,Inventory Read Only,0,0,0,0,0,0,0,0,0,-,-
N08,MAXREADONLYSPPT,Maximo Read Only Access for Support,0,1,1,1,1,0,0,0,0,-,-
N08,OOG_RIGMGR,Rig Manager,0,0,0,0,0,0,0,0,0,-,-
N08,OOG_BASE_READ_ONLY,Base Read Only,0,1,0,0,0,0,0,0,0,-,-
N08,MAXADMIN,Maximo Administrators (Super Users),1,1,1,1,1,0,0,0,0,-,-
N08,MAXREG,Self Registration Process Access,1,0,0,0,0,0,0,0,0,-,-
N08,MAXDEFLTREG,New User,0,0,0,0,0,0,0,0,0,-,-
N08,MAXEVERYONE,All Maximo Users,0,0,1,0,0,0,0,0,0,-,-
N08,OOG_ASSET_MANAGER,Asset Manager,0,0,0,0,1,0,0,0,0,-,-
N08,OOG_OPMGR,Operation Manager,0,0,0,0,0,0,0,0,0,-,-
N08,OOG_MAINTENANCE_COORDINATOR,Maintenance Coordinator,0,0,1,0,1,0,0,0,0,-,-
N08,OOG_MATERIALS_COORDINATOR,Materials Coordinator,0,0,1,0,0,0,0,0,0,-,-
N08,OOG_DEFSITE_DATA_RESTRICTIONS,Default site data restrictions,0,0,0,0,0,0,0,0,0,-,-
N08,PLSV_CA,PLSV CA Site,0,0,0,1,0,0,0,0,0,-,-
N08,OOG_HELPDESK,Help desk group,1,0,0,0,0,0,0,0,0,-,-
N08,OOG_ASSIST_RIGMGR,Assistant Rig Manager,0,0,0,0,0,0,0,0,0,-,-
N08,OOG_FIELD_SUPPORT,Field Support,0,0,0,0,0,0,0,0,0,-,-
N08,OOG_MAXIMO_COORDINATOR,Maximo Coordinator,0,0,0,0,1,0,0,0,0,-,-
N08,OOG_ALLSITES,All Sites Security Group,0,0,0,1,0,0,0,0,0,-,-
N08,OOG_DEPARTMENT_LEADER,Department Leader,0,0,0,0,1,0,0,0,0,-,-
N08,OOG_MAINTENANCE_LEADER,Maintenance Leader,0,0,0,0,0,0,0,0,0,-,-
N08,PLSV_DEPUTY_PROJECT_MANAGER,Deputy Project Manager,0,0,0,0,0,0,0,0,0,-,-
N08,OOG_ALL_PERF,All sites exclude PLSV sites.,0,0,0,1,0,0,0,0,0,-,-
N08,PLSV_TECHNICIAN,Technician,0,0,0,0,1,0,0,0,0,-,-
N08,OOG_PR_CREATOR,Group to allow users creating and approving PR's,0,0,0,0,0,0,0,0,0,-,-
N08,PLSV_EXCLUSIVE_ACCESS,Access to applications and Start Center only for PLSV users,0,0,0,0,0,0,0,0,0,-,-
N08,PLSV_PM_APPROVER,Preventive Maintenance Approver for PLSV,0,0,0,0,0,0,0,0,0,-,-
N08,OOG_ALL_PLSV,All PLSV sites.,0,0,0,1,0,0,0,0,0,-,-
N08,OOG_ALL_DRILLING,All DRILLING sites.,0,0,0,1,0,0,0,0,0,-,-
N08,OOG_MASS_UPDATE_DUE_DATE,Grant access to mass update the PM's next due date field.,0,0,0,0,0,0,0,0,0,-,-
N08,OOG_MATERIAL_ENGINEER,Materials Engineer,0,0,0,0,1,0,0,0,0,-,-
N08,OOG_DEPARTMENT_LEADER_SUBSEA,Department Leader SubSea,0,0,0,0,0,0,0,0,0,-,-
N08,OOG_REPAIR_RETURN,Repair and Return,0,0,0,0,1,0,0,0,0,-,-
N08,OOG_SUP_REPAIR_RETURN,Supervisor Repair and Return,0,0,0,0,1,0,0,0,0,-,-
N08,OOG_PROJECT_ENGINEER,Project Engineers Group,0,0,1,0,1,0,0,0,0,-,-
N08,OOG_ASSET_ENGINEER,Asset Engineer Group - Read Only,0,1,1,0,1,0,0,0,0,-,-
N08,OOG_ASSET_COORDINATOR,Asset Coordinator Group,0,0,1,0,0,0,0,0,0,-,-
N08,OOG_ENGINEER_COORDINATOR,Engineers Coordinators Group,0,0,1,0,0,0,0,0,0,-,-
N08,OOG_MOCPEO_EMISSOR,Emissor da MOC - People,0,1,0,0,0,0,0,0,0,-,-
N08,OOG_MOCDOC_EMISSOR,Emissor da MOC - Documents,0,1,0,0,0,0,0,0,0,-,-
N08,OOG_MOCDOC_APROVADOR,Aprovador da MOC - Documents,0,1,0,0,0,0,0,0,0,-,-
N08,OOG_MOCPEO_APROVADOR,Aprovador da MOC - People,0,1,0,0,0,0,0,0,0,-,-
N08,OOG_MOCPEO_GESTOR,Gestor da MOC - People,0,1,0,0,0,0,0,0,0,-,-
N08,OOG_MOC_APPROVERS,Group for all MOC approvers,0,1,0,0,0,0,0,0,0,-,-
N08,OOG_MOCDOC_GESTOR,Gestor da MOC - Documents,0,1,0,0,0,0,0,0,0,-,-
N08,OOG_MOC_OPENERS,People that open MOCs O&Fs,0,1,0,0,0,0,0,0,0,-,-
N08,OOG_MACRO_ACTIONS,Atualizacao de acoes em  MACROESTRUTURA,0,1,0,0,0,0,0,0,0,-,-
N08,OOG_REGISTER_HTQ,HTQ Item Registration,0,0,0,0,1,0,0,0,0,-,-
N08,HTQ_MATERIALS_COORDINATOR,HTQ Materials Coordinator,0,0,1,0,0,0,0,0,0,-,-
N08,OOG_USERS_HTQ,HTQ Users,0,0,0,1,0,0,0,0,0,-,-
N08,MOBILE,Security Group for Mobile,0,0,0,0,0,0,0,0,0,-,-
N08,OOG_SQP_QUALITY,SQP Quality Department,0,0,0,0,0,0,0,0,0,-,-
N08,OOG_TRANSPORTADOR,Grupo para acessar aplicaoes de transportador,1,0,0,0,0,0,0,0,0,-,-
N08,OOG_REQUISITANTET,Grupo para acessar aplicaoes de transporte como requisitante,1,1,0,0,0,0,0,0,0,-,-
N08,OOG_LOGISTICA_ADM,Grupo para Administrar aplica��es de Transporte,1,1,0,0,0,0,0,0,0,-,-
N08,OOG_LOGISTICA,Grupo para acessar aplica��es de Transporte,1,1,0,0,0,0,0,0,0,-,-
N08,OOG_SQP_OPENERS,SQP Openers,0,0,0,0,0,0,0,0,0,-,-
N08,OOG_RIGSUPSQP,Rig Superintendent SQP,0,0,0,0,0,0,0,0,0,-,-
N08,OOG_APPUSERS,Grupo para permitir acesso a aplica��o Users,0,1,0,0,0,0,0,0,0,-,-
N08,OOG_PTW_ADMIN,Permit To Work Admin,0,1,0,0,0,0,0,0,0,-,-
N08,OOG_PTW_ISSUER,Permit to Work Issuer,0,1,0,0,0,0,0,0,0,-,-
N08,OOG_PTW_APPROVERS,Permit to Work Approvers,0,1,0,0,0,0,0,0,0,-,-
N08,OOG_ISOLATION_MANAGER,Isolation Manager,0,0,0,0,0,0,0,0,0,-,-
N08,OOG_MOC_MACRO,MOC para MACROESTRUTURA,0,1,0,0,0,0,0,0,0,-,-
N08,OOG_ISOLATION_APPROVER,Isolation Approver,0,0,0,0,0,0,0,0,0,-,-
N08,OOG_MATERIALS_COORDINATOR_YARD,Materials Coordinator Yard,0,0,1,0,0,0,0,0,0,-,-
N08,OOG_DEPARTMENT_TEAM,Department Team,0,0,0,0,1,0,0,0,0,-,-
N08,OOG_INSPECTORSUP,Inspector supervisor group OOG,0,0,0,0,0,0,0,0,0,-,-
N08,OOG_QUALIFIED_PROFESSIONAL,Qualified Professional - SPIE,0,0,1,0,1,0,0,0,0,-,-
N08,OOG_AB_SST,Grupo de seguran�a para acesso a aplica��o Alert & Bulletins SST,0,0,0,0,0,0,0,0,0,-,-
N08,FetchAll:,74,rows,fetched.,,,,,,,,,
N08,>,,,,,,,,,,,,
N09,MAXREADONLYSPPT,Maximo Read Only Access for Support,0,1,1,1,1,0,0,0,0,-,-
N09,OOG_RIGMGR,Rig Manager,0,0,0,0,0,0,0,0,0,-,-
N09,MAXADMIN,Maximo Administrators (Super Users),1,1,1,1,1,0,0,0,0,-,-
N09,MAXREG,Self Registration Process Access,1,0,0,0,0,0,0,0,0,-,-
N09,MAXDEFLTREG,New User,0,0,0,0,0,0,0,0,0,-,-
N09,MAXEVERYONE,All Maximo Users,0,0,1,0,0,0,0,0,0,-,-
N09,OOG_ASSET_MANAGER,Asset Manager,0,0,0,0,1,0,0,0,0,-,-
N09,OOG_OPMGR,Operation Manager,0,0,0,0,0,0,0,0,0,-,-
N09,OOG_MAINTENANCE_COORDINATOR,Maintenance Coordinator,0,0,1,0,1,0,0,0,0,-,-
N09,OOG_MATERIALS_COORDINATOR,Materials Coordinator,0,0,1,0,0,0,0,0,0,-,-
N09,OOG_DEFSITE_DATA_RESTRICTIONS,Default site data restrictions,0,0,0,0,0,0,0,0,0,-,-
N09,PLSV_CA,PLSV CA Site,0,0,0,1,0,0,0,0,0,-,-
N09,OOG_ASSIST_RIGMGR,Assistant Rig Manager,0,0,0,0,0,0,0,0,0,-,-
N09,OOG_FIELD_SUPPORT,Field Support,0,0,0,0,0,0,0,0,0,-,-
N09,OOG_MAXIMO_COORDINATOR,Maximo Coordinator,0,0,0,0,1,0,0,0,0,-,-
N09,OOG_ALLSITES,All Sites Security Group,0,0,0,1,0,0,0,0,0,-,-
N09,OOG_DEPARTMENT_LEADER,Department Leader,0,0,0,0,1,0,0,0,0,-,-
N09,OOG_MAINTENANCE_LEADER,Maintenance Leader,0,0,0,0,0,0,0,0,0,-,-
N09,OOG_BASE_READ_ONLY,Base Read Only,0,1,0,0,0,0,0,0,0,-,-
N09,OOG_PR_CREATOR,Group to allow users creating and approving PR's,0,0,0,0,0,0,0,0,0,-,-
N09,OOG_ALL_PERF,All sites exclude PLSV sites.,0,0,0,1,0,0,0,0,0,-,-
N09,PLSV_TECHNICIAN,Technician,0,0,0,0,1,0,0,0,0,-,-
N09,OOG_ASSET_COORDINATOR,Asset Coordinator Group,0,0,1,0,0,0,0,0,0,-,-
N09,OOG_ENGINEER_COORDINATOR,Engineers Coordinators Group,0,0,1,0,0,0,0,0,0,-,-
N09,OOG_DEPARTMENT_LEADER_SUBSEA,Department Leader SubSea,0,0,0,0,0,0,0,0,0,-,-
N09,OOG_ALL_PLSV,All PLSV sites.,0,0,0,1,0,0,0,0,0,-,-
N09,OOG_PROJECT_ENGINEER,Project Engineers Group,0,0,1,0,1,0,0,0,0,-,-
N09,OOG_HELPDESK,Help desk group,0,0,0,0,0,0,0,0,0,-,-
N09,PLSV_DEPUTY_PROJECT_MANAGER,Deputy Project Manager,0,0,0,0,0,0,0,0,0,-,-
N09,OOG_MASS_UPDATE_DUE_DATE,Grant access to mass update the PM's next due date field.,0,0,0,0,0,0,0,0,0,-,-
N09,PLSV_EXCLUSIVE_ACCESS,Access to applications and Start Center only for PLSV users,0,0,0,0,0,0,0,0,0,-,-
N09,OOG_MATERIAL_ENGINEER,Materials Engineer,0,0,0,0,1,0,0,0,0,-,-
N09,OOG_REPAIR_RETURN,Repair and Return,0,0,0,0,1,0,0,0,0,-,-
N09,OOG_SUP_REPAIR_RETURN,Supervisor Repair and Return,0,0,0,0,1,0,0,0,0,-,-
N09,PLSV_PM_APPROVER,Preventive Maintenance Approver for PLSV,0,0,0,0,0,0,0,0,0,-,-
N09,OOG_ALL_DRILLING,All DRILLING sites.,0,0,0,1,0,0,0,0,0,-,-
N09,OOG_MOCPEO_EMISSOR,Emissor da MOC - People,0,1,0,0,0,0,0,0,0,-,-
N09,OOG_MOCDOC_EMISSOR,Emissor da MOC - Documents,0,1,0,0,0,0,0,0,0,-,-
N09,OOG_MOCDOC_APROVADOR,Aprovador da MOC - Documents,0,1,0,0,0,0,0,0,0,-,-
N09,OOG_MOCPEO_APROVADOR,Aprovador da MOC - People,0,1,0,0,0,0,0,0,0,-,-
N09,OOG_MOCPEO_GESTOR,Gestor da MOC - People,0,1,0,0,0,0,0,0,0,-,-
N09,OOG_MOC_APPROVERS,Group for all MOC approvers,0,1,0,0,0,0,0,0,0,-,-
N09,OOG_MOCDOC_GESTOR,Gestor da MOC - Documents,0,1,0,0,0,0,0,0,0,-,-
N09,OOG_MOC_OPENERS,People that open MOCs O&Fs,0,1,0,0,0,0,0,0,0,-,-
N09,OOG_ASSET_ENGINEER,Asset Engineer Group - Read Only,0,1,1,0,1,0,0,0,0,-,-
N09,OOG_DEPARTMENT_TEAM,Department Team,0,0,0,0,1,0,0,0,0,-,-
N09,OOG_MOC_MACRO,MOC para MACROESTRUTURA,0,1,0,0,0,0,0,0,0,-,-
N09,OOG_TRANSPORTADOR,Grupo para acessar aplicaoes de transportador,1,0,0,0,0,0,0,0,0,-,-
N09,OOG_REQUISITANTET,Grupo para acessar aplicaoes de transporte como requisitante,1,1,0,0,0,0,0,0,0,-,-
N09,OOG_LOGISTICA_ADM,Grupo para Administrar aplica��es de Transporte,1,1,0,0,0,0,0,0,0,-,-
N09,OOG_LOGISTICA,Grupo para acessar aplica��es de Transporte,1,1,0,0,0,0,0,0,0,-,-
N09,OOG_APPUSERS,Grupo para permitir acesso a aplica��o Users,0,1,0,0,0,0,0,0,0,-,-
N09,OOG_PTW_ADMIN,Permit To Work Admin,0,1,0,0,0,0,0,0,0,-,-
N09,OOG_PTW_ISSUER,Permit to Work Issuer,0,1,0,0,0,0,0,0,0,-,-
N09,OOG_PTW_APPROVERS,Permit to Work Approvers,0,1,0,0,0,0,0,0,0,-,-
N09,Inv_ready,Inventory Read Only,0,0,0,0,0,0,0,0,0,-,-
N09,OOG_SUPERVISOR,Grupo de supervisores,0,0,0,0,1,0,0,0,0,-,-
N09,MGUEST,Guest Group,0,1,0,0,0,0,0,0,0,SELFSERVICE,-
N09,OOG_MACRO_ACTIONS,Atualizacao de acoes em  MACROESTRUTURA,0,1,0,0,0,0,0,0,0,-,-
N09,OOG_ISOLATION_APPROVER,Isolation Approver,0,0,0,0,0,0,0,0,0,-,-
N09,OOG_ISOLATION_MANAGER,Isolation Manager,0,0,0,0,0,0,0,0,0,-,-
N09,OOG_MATERIALS_COORDINATOR_YARD,Materials Coordinator Yard,0,0,1,0,0,0,0,0,0,-,-
N09,OOG_SQP_QUALITY,SQP Quality Department,0,0,0,0,0,0,0,0,0,-,-
N09,OOG_SQP_OPENERS,SQP Openers,0,0,0,0,0,0,0,0,0,-,-
N09,OOG_RIGSUPSQP,Rig Superintendent SQP,0,0,0,0,0,0,0,0,0,-,-
N09,OOG_RELIABILITY_TEAM,Reliability Team,0,0,0,0,0,0,0,0,0,-,-
N09,OOG_REGISTER_HTQ,HTQ Item Registration,0,0,0,0,1,0,0,0,0,-,-
N09,HTQ_MATERIALS_COORDINATOR,HTQ Materials Coordinator,0,0,1,0,0,0,0,0,0,-,-
N09,OOG_USERS_HTQ,HTQ Users,0,0,0,1,0,0,0,0,0,-,-
N09,MOBILE,Security Group for Mobile,0,0,0,0,0,0,0,0,0,-,-
N09,OOG_INSPECTORSUP,Inspector supervisor group OOG,0,0,0,0,0,0,0,0,0,-,-
N09,OOG_QUALIFIED_PROFESSIONAL,Qualified Professional - SPIE,0,0,1,0,1,0,0,0,0,-,-
N09,TUTOR_GROUP,Tutor,0,0,0,0,0,0,0,0,0,-,-
N09,OOG_AB_SST,Grupo de seguran�a para acesso a aplica��o Alert & Bulletins SST,0,0,0,0,0,0,0,0,0,-,-
N09,FetchAll:,74,rows,fetched.,,,,,,,,,
N09,>,,,,,,,,,,,,
ODN1,MAXREADONLYSPPT,Maximo Read Only Access for Support,0,1,1,1,1,0,0,0,0,-,-
ODN1,OOG_ALL_PLSV,All PLSV sites.,0,0,0,1,0,0,0,0,0,-,-
ODN1,OOG_RIGMGR,Rig Manager,0,0,0,0,0,0,0,0,0,-,-
ODN1,OOG_BASE_READ_ONLY,Base Read Only,0,1,0,0,0,0,0,0,0,-,-
ODN1,PLSV_DEPUTY_PROJECT_MANAGER,Deputy Project Manager,0,0,0,0,0,0,0,0,0,-,-
ODN1,MAXADMIN,Maximo Administrators (Super Users),1,1,1,1,1,0,0,0,0,-,-
ODN1,MAXREG,Self Registration Process Access,1,0,0,0,0,0,0,0,0,-,-
ODN1,MAXDEFLTREG,New User,0,0,0,0,0,0,0,0,0,-,-
ODN1,MAXEVERYONE,All Maximo Users,0,0,1,0,0,0,0,0,0,-,-
ODN1,OOG_MASS_UPDATE_DUE_DATE,Grant access to mass update the PM's next due date field.,0,0,0,0,0,0,0,0,0,-,-
ODN1,OOG_ASSET_MANAGER,Asset Manager,0,0,0,0,1,0,0,0,0,-,-
ODN1,OOG_OPMGR,Operation Manager,0,0,0,0,0,0,0,0,0,-,-
ODN1,OOG_MAINTENANCE_COORDINATOR,Maintenance Coordinator,0,0,1,0,1,0,0,0,0,-,-
ODN1,OOG_MATERIALS_COORDINATOR,Materials Coordinator,0,0,1,0,0,0,0,0,0,-,-
ODN1,PLSV_PM_APPROVER,Preventive Maintenance Approver for PLSV,0,0,0,0,0,0,0,0,0,-,-
ODN1,OOG_DEFSITE_DATA_RESTRICTIONS,Default site data restrictions,0,0,0,0,0,0,0,0,0,-,-
ODN1,PLSV_CA,PLSV CA Site,0,0,0,1,0,0,0,0,0,-,-
ODN1,OOG_ALL_DRILLING,All DRILLING sites.,0,0,0,1,0,0,0,0,0,-,-
ODN1,OOG_HELPDESK,Help desk group,0,0,0,0,0,0,0,0,0,-,-
ODN1,OOG_ALL_PERF,All sites exclude PLSV sites.,0,0,0,1,0,0,0,0,0,-,-
ODN1,PLSV_TECHNICIAN,Technician,0,0,0,0,1,0,0,0,0,-,-
ODN1,PLSV_EXCLUSIVE_ACCESS,Access to applications and Start Center only for PLSV users,0,0,0,0,0,0,0,0,0,-,-
ODN1,OOG_ASSIST_RIGMGR,Assistant Rig Manager,0,0,0,0,0,0,0,0,0,-,-
ODN1,OOG_FIELD_SUPPORT,Field Support,0,0,0,0,0,0,0,0,0,-,-
ODN1,OOG_MAXIMO_COORDINATOR,Maximo Coordinator,0,0,0,0,1,0,0,0,0,-,-
ODN1,OOG_ALLSITES,All Sites Security Group,0,0,0,1,0,0,0,0,0,-,-
ODN1,OOG_DEPARTMENT_LEADER,Department Leader,0,0,0,0,1,0,0,0,0,-,-
ODN1,OOG_MAINTENANCE_LEADER,Maintenance Leader,0,0,0,0,0,0,0,0,0,-,-
ODN1,OOG_PR_CREATOR,Group to allow users creating and approving PR's,0,0,0,0,0,0,0,0,0,-,-
ODN1,OOG_REPAIR_RETURN,Repair and Return,0,0,0,0,1,0,0,0,0,-,-
ODN1,OOG_SUP_REPAIR_RETURN,Supervisor Repair and Return,0,0,0,0,1,0,0,0,0,-,-
ODN1,OOG_PROJECT_ENGINEER,Project Engineers Group,0,0,1,0,1,0,0,0,0,-,-
ODN1,OOG_ASSET_COORDINATOR,Asset Coordinator Group,0,0,1,0,0,0,0,0,0,-,-
ODN1,OOG_ENGINEER_COORDINATOR,Engineers Coordinators Group,0,0,1,0,0,0,0,0,0,-,-
ODN1,OOG_DEPARTMENT_LEADER_SUBSEA,Department Leader SubSea,0,0,0,0,0,0,0,0,0,-,-
ODN1,OOG_MATERIAL_ENGINEER,Materials Engineer,0,0,0,0,1,0,0,0,0,-,-
ODN1,OOG_MOCPEO_EMISSOR,Emissor da MOC - People,0,1,0,0,0,0,0,0,0,-,-
ODN1,OOG_MOCDOC_EMISSOR,Emissor da MOC - Documents,0,1,0,0,0,0,0,0,0,-,-
ODN1,OOG_MOCDOC_APROVADOR,Aprovador da MOC - Documents,0,1,0,0,0,0,0,0,0,-,-
ODN1,OOG_MOCPEO_APROVADOR,Aprovador da MOC - People,0,1,0,0,0,0,0,0,0,-,-
ODN1,OOG_MOCPEO_GESTOR,Gestor da MOC - People,0,1,0,0,0,0,0,0,0,-,-
ODN1,OOG_MOC_APPROVERS,Group for all MOC approvers,0,1,0,0,0,0,0,0,0,-,-
ODN1,OOG_MOCDOC_GESTOR,Gestor da MOC - Documents,0,1,0,0,0,0,0,0,0,-,-
ODN1,OOG_MOC_OPENERS,People that open MOCs O&Fs,0,1,0,0,0,0,0,0,0,-,-
ODN1,OOG_ASSET_ENGINEER,Asset Engineer Group - Read Only,0,1,1,0,1,0,0,0,0,-,-
ODN1,OOG_INSPECTORSUP,Inspector supervisor group OOG,0,0,0,0,0,0,0,0,0,-,-
ODN1,OOG_QUALIFIED_PROFESSIONAL,Qualified Professional - SPIE,0,0,1,0,1,0,0,0,0,-,-
ODN1,OOG_SUPERVISOR,Grupo de supervisores,0,0,0,0,1,0,0,0,0,-,-
ODN1,TUTOR_GROUP,Tutor,0,0,0,0,0,0,0,0,0,-,-
ODN1,OOG_REGISTER_HTQ,HTQ Item Registration,0,0,0,0,1,0,0,0,0,-,-
ODN1,HTQ_MATERIALS_COORDINATOR,HTQ Materials Coordinator,0,0,1,0,0,0,0,0,0,-,-
ODN1,OOG_USERS_HTQ,HTQ Users,0,0,0,1,0,0,0,0,0,-,-
ODN1,OOG_MATERIALS_COORDINATOR_YARD,Materials Coordinator Yard,0,0,1,0,0,0,0,0,0,-,-
ODN1,OOG_MOC_MACRO,MOC para MACROESTRUTURA,0,1,0,0,0,0,0,0,0,-,-
ODN1,OOG_TRANSPORTADOR,Grupo para acessar aplicaoes de transportador,1,0,0,0,0,0,0,0,0,-,-
ODN1,OOG_REQUISITANTET,Grupo para acessar aplicaoes de transporte como requisitante,1,1,0,0,0,0,0,0,0,-,-
ODN1,OOG_LOGISTICA_ADM,Grupo para Administrar aplica��es de Transporte,1,1,0,0,0,0,0,0,0,-,-
ODN1,OOG_LOGISTICA,Grupo para acessar aplica��es de Transporte,1,1,0,0,0,0,0,0,0,-,-
ODN1,OOG_ISOLATION_APPROVER,Isolation Approver,0,0,0,0,0,0,0,0,0,-,-
ODN1,OOG_DEPARTMENT_TEAM,Department Team,0,0,0,0,1,0,0,0,0,-,-
ODN1,OOG_ISOLATION_MANAGER,Isolation Manager,0,0,0,0,0,0,0,0,0,-,-
ODN1,OOG_SQP_QUALITY,SQP Quality Department,0,0,0,0,0,0,0,0,0,-,-
ODN1,OOG_SQP_OPENERS,SQP Openers,0,0,0,0,0,0,0,0,0,-,-
ODN1,OOG_RIGSUPSQP,Rig Superintendent SQP,0,0,0,0,0,0,0,0,0,-,-
ODN1,OOG_APPUSERS,Grupo para permitir acesso a aplica��o Users,0,1,0,0,0,0,0,0,0,-,-
ODN1,OOG_PTW_ADMIN,Permit To Work Admin,0,1,0,0,0,0,0,0,0,-,-
ODN1,OOG_PTW_ISSUER,Permit to Work Issuer,0,1,0,0,0,0,0,0,0,-,-
ODN1,OOG_PTW_APPROVERS,Permit to Work Approvers,0,1,0,0,0,0,0,0,0,-,-
ODN1,MGUEST,Guest Group,0,1,0,0,0,0,0,0,0,SELFSERVICE,-
ODN1,OOG_MACRO_ACTIONS,Atualizacao de acoes em  MACROESTRUTURA,0,1,0,0,0,0,0,0,0,-,-
ODN1,MOBILE,Security Group for Mobile,0,0,0,0,0,0,0,0,0,-,-
ODN1,Inv_ready,Inventory Read Only,0,0,0,0,0,0,0,0,0,-,-
ODN1,OOG_RELIABILITY_TEAM,Reliability Team,0,0,0,0,0,0,0,0,0,-,-
ODN1,OOG_AB_SST,Grupo de seguran�a para acesso a aplica��o Alert & Bulletins SST,0,0,0,0,0,0,0,0,0,-,-
ODN1,FetchAll:,74,rows,fetched.,,,,,,,,,
ODN1,>,,,,,,,,,,,,
ODN2,MAXREADONLYSPPT,Maximo Read Only Access for Support,0,1,1,1,1,0,0,0,0,-,-
ODN2,OOG_RIGMGR,Rig Manager,0,0,0,0,0,0,0,0,0,-,-
ODN2,MAXADMIN,Maximo Administrators (Super Users),1,1,1,1,1,0,0,0,0,-,-
ODN2,MAXREG,Self Registration Process Access,1,0,0,0,0,0,0,0,0,-,-
ODN2,MAXDEFLTREG,New User,0,0,0,0,0,0,0,0,0,-,-
ODN2,MAXEVERYONE,All Maximo Users,0,0,1,0,0,0,0,0,0,-,-
ODN2,OOG_ASSET_MANAGER,Asset Manager,0,0,0,0,1,0,0,0,0,-,-
ODN2,OOG_OPMGR,Operation Manager,0,0,0,0,0,0,0,0,0,-,-
ODN2,OOG_MAINTENANCE_COORDINATOR,Maintenance Coordinator,0,0,1,0,1,0,0,0,0,-,-
ODN2,OOG_MATERIALS_COORDINATOR,Materials Coordinator,0,0,1,1,0,0,0,0,0,-,-
ODN2,OOG_DEFSITE_DATA_RESTRICTIONS,Default site data restrictions,0,0,0,0,0,0,0,0,0,-,-
ODN2,PLSV_CA,PLSV CA Site,0,0,0,1,0,0,0,0,0,-,-
ODN2,OOG_ASSIST_RIGMGR,Assistant Rig Manager,0,0,0,0,0,0,0,0,0,-,-
ODN2,OOG_FIELD_SUPPORT,Field Support,0,0,0,0,0,0,0,0,0,-,-
ODN2,OOG_MAXIMO_COORDINATOR,Maximo Coordinator,0,0,0,0,1,0,0,0,0,-,-
ODN2,OOG_ALLSITES,All Sites Security Group,0,0,0,1,0,0,0,0,0,-,-
ODN2,OOG_DEPARTMENT_LEADER,Department Leader,0,0,0,0,1,0,0,0,0,-,-
ODN2,OOG_MAINTENANCE_LEADER,Maintenance Leader,0,0,0,0,0,0,0,0,0,-,-
ODN2,OOG_ALL_PERF,All sites exclude PLSV sites.,0,0,0,1,0,0,0,0,0,-,-
ODN2,PLSV_TECHNICIAN,Technician,0,0,0,0,1,0,0,0,0,-,-
ODN2,OOG_MATERIAL_ENGINEER,Materials Engineer,0,0,0,0,1,0,0,0,0,-,-
ODN2,OOG_ASSET_COORDINATOR,Asset Coordinator Group,0,0,1,0,0,0,0,0,0,-,-
ODN2,OOG_ENGINEER_COORDINATOR,Engineers Coordinators Group,0,0,1,0,0,0,0,0,0,-,-
ODN2,OOG_HELPDESK,Help desk group,0,0,0,0,0,0,0,0,0,-,-
ODN2,PLSV_DEPUTY_PROJECT_MANAGER,Deputy Project Manager,0,0,0,0,0,0,0,0,0,-,-
ODN2,OOG_ALL_DRILLING,All DRILLING sites.,0,0,0,1,0,0,0,0,0,-,-
ODN2,OOG_MASS_UPDATE_DUE_DATE,Grant access to mass update the PM's next due date field.,0,0,0,0,0,0,0,0,0,-,-
ODN2,OOG_BASE_READ_ONLY,Base Read Only,0,1,0,0,0,0,0,0,0,-,-
ODN2,OOG_ALL_PLSV,All PLSV sites.,0,0,0,1,0,0,0,0,0,-,-
ODN2,OOG_PR_CREATOR,Group to allow users creating and approving PR's,0,0,0,0,0,0,0,0,0,-,-
ODN2,OOG_REPAIR_RETURN,Repair and Return,0,0,0,0,1,0,0,0,0,-,-
ODN2,OOG_SUP_REPAIR_RETURN,Supervisor Repair and Return,0,0,0,0,1,0,0,0,0,-,-
ODN2,OOG_PROJECT_ENGINEER,Project Engineers Group,0,0,1,0,1,0,0,0,0,-,-
ODN2,OOG_DEPARTMENT_LEADER_SUBSEA,Department Leader SubSea,0,0,0,0,0,0,0,0,0,-,-
ODN2,OOG_ASSET_ENGINEER,Asset Engineer Group - Read Only,0,1,1,0,1,0,0,0,0,-,-
ODN2,PLSV_PM_APPROVER,Preventive Maintenance Approver for PLSV,0,0,0,0,0,0,0,0,0,-,-
ODN2,PLSV_EXCLUSIVE_ACCESS,Access to applications and Start Center only for PLSV users,0,0,0,0,0,0,0,0,0,-,-
ODN2,OOG_MOCPEO_EMISSOR,Emissor da MOC - People,0,1,0,0,0,0,0,0,0,-,-
ODN2,OOG_MOCDOC_EMISSOR,Emissor da MOC - Documents,0,1,0,0,0,0,0,0,0,-,-
ODN2,OOG_MOCDOC_APROVADOR,Aprovador da MOC - Documents,0,1,0,0,0,0,0,0,0,-,-
ODN2,OOG_MOCPEO_APROVADOR,Aprovador da MOC - People,0,1,0,0,0,0,0,0,0,-,-
ODN2,OOG_MOCPEO_GESTOR,Gestor da MOC - People,0,1,0,0,0,0,0,0,0,-,-
ODN2,OOG_MOC_APPROVERS,Group for all MOC approvers,0,1,0,0,0,0,0,0,0,-,-
ODN2,OOG_MOCDOC_GESTOR,Gestor da MOC - Documents,0,1,0,0,0,0,0,0,0,-,-
ODN2,OOG_MOC_OPENERS,People that open MOCs O&Fs,0,1,0,0,0,0,0,0,0,-,-
ODN2,OOG_DEPARTMENT_TEAM,Department Team,0,0,0,0,1,0,0,0,0,-,-
ODN2,OOG_INSPECTORSUP,Inspector supervisor group OOG,0,0,0,0,0,0,0,0,0,-,-
ODN2,OOG_QUALIFIED_PROFESSIONAL,Qualified Professional - SPIE,0,0,1,0,1,0,0,0,0,-,-
ODN2,OOG_SQP_QUALITY,SQP Quality Department,0,0,0,0,0,0,0,0,0,-,-
ODN2,OOG_SQP_OPENERS,SQP Openers,0,0,0,0,0,0,0,0,0,-,-
ODN2,OOG_RIGSUPSQP,Rig Superintendent SQP,0,0,0,0,0,0,0,0,0,-,-
ODN2,OOG_RELIABILITY_TEAM,Reliability Team,0,0,0,0,0,0,0,0,0,-,-
ODN2,OOG_APPUSERS,Grupo para permitir acesso a aplica��o Users,0,1,0,0,0,0,0,0,0,-,-
ODN2,OOG_PTW_ADMIN,Permit To Work Admin,0,1,0,0,0,0,0,0,0,-,-
ODN2,OOG_PTW_ISSUER,Permit to Work Issuer,0,1,0,0,0,0,0,0,0,-,-
ODN2,OOG_PTW_APPROVERS,Permit to Work Approvers,0,1,0,0,0,0,0,0,0,-,-
ODN2,TUTOR_GROUP,Tutor,0,0,0,0,0,0,0,0,0,-,-
ODN2,OOG_ISOLATION_APPROVER,Isolation Approver,0,0,0,0,0,0,0,0,0,-,-
ODN2,OOG_ISOLATION_MANAGER,Isolation Manager,0,0,0,0,0,0,0,0,0,-,-
ODN2,OOG_MOC_MACRO,MOC para MACROESTRUTURA,0,1,0,0,0,0,0,0,0,-,-
ODN2,OOG_TRANSPORTADOR,Grupo para acessar aplicaoes de transportador,1,0,0,0,0,0,0,0,0,-,-
ODN2,OOG_REQUISITANTET,Grupo para acessar aplicaoes de transporte como requisitante,1,1,0,0,0,0,0,0,0,-,-
ODN2,OOG_LOGISTICA_ADM,Grupo para Administrar aplica��es de Transporte,1,1,0,0,0,0,0,0,0,-,-
ODN2,OOG_LOGISTICA,Grupo para acessar aplica��es de Transporte,1,1,0,0,0,0,0,0,0,-,-
ODN2,OOG_SUPERVISOR,Grupo de supervisores,0,0,0,0,1,0,0,0,0,-,-
ODN2,MGUEST,Guest Group,0,1,0,0,0,0,0,0,0,SELFSERVICE,-
ODN2,OOG_REGISTER_HTQ,HTQ Item Registration,0,0,0,0,1,0,0,0,0,-,-
ODN2,HTQ_MATERIALS_COORDINATOR,HTQ Materials Coordinator,0,0,1,0,0,0,0,0,0,-,-
ODN2,OOG_USERS_HTQ,HTQ Users,0,0,0,1,0,0,0,0,0,-,-
ODN2,Inv_ready,Inventory Read Only,0,0,0,0,0,0,0,0,0,-,-
ODN2,OOG_MATERIALS_COORDINATOR_YARD,Materials Coordinator Yard,0,0,1,1,0,0,0,0,0,-,-
ODN2,OOG_MACRO_ACTIONS,Atualizacao de acoes em  MACROESTRUTURA,0,1,0,0,0,0,0,0,0,-,-
ODN2,MOBILE,Security Group for Mobile,0,0,0,0,0,0,0,0,0,-,-
ODN2,OOG_AB_SST,Grupo de seguran�a para acesso a aplica��o Alert & Bulletins SST,0,0,0,0,0,0,0,0,0,-,-
ODN2,FetchAll:,74,rows,fetched.,,,,,,,,,
ODN2,>,,,,,,,,,,,,
